{
    "(34, -116)": [
        738246.3736180663,
        1333048.7215847366,
        1927761.007320345,
        2040294.7405899176,
        2777923.098848998,
        2890406.938678802,
        3627776.692588628,
        3740229.174896895,
        4589806.244307819,
        4732782.81125361,
        5582369.526769819,
        5694805.837034402,
        6687278.57924169,
        6799701.684095325,
        7792057.364366351,
        7904451.392026007,
        8047409.309195457,
        9151994.347679444,
        9264365.762793714,
        10766614.60197193,
        10878977.209312027,
        11021905.33649451,
        11134287.580323882,
        12126391.111512601,
        12238812.012291012,
        13231212.633891648,
        13343621.96435219,
        13486584.045382086,
        14591310.718137318,
        14703729.593547517,
        15696030.183177648,
        15808425.43081206,
        16800732.603002846,
        16913155.40891177,
        17056131.27565998,
        17905589.000785775,
        18018030.13435548,
        19010576.406848483,
        19122999.575523905,
        20115385.82850772,
        20227788.63305943,
        21475415.71480877,
        21587833.44885307,
        22325041.78041845,
        22437543.450677086,
        23175084.55392854,
        23287576.943424862,
        24025127.0461734,
        24875087.414661236,
        25724918.005132392,
        25837374.219055243,
        26574627.114198267,
        26687068.403197244,
        27679613.75699634,
        27792029.917780343,
        28784614.94991917,
        29634453.97097891,
        30484123.562275466,
        30596558.079000063
    ],
    "(36, -118)": [
        131.34062296152035,
        399161.96063405304,
        595036.0666803718,
        994014.1304755805,
        2040247.6480540633,
        2439084.114076676,
        2634816.2016673684,
        3289020.4518076763,
        3484705.9966453924,
        4138727.0442375536,
        4589759.241419378,
        5243673.146760641,
        5694758.8817713875,
        6348667.538507997,
        6799654.753519356,
        7453484.233137192,
        7904404.459757149,
        8558156.19011218,
        9009027.172557058,
        9264318.786918104,
        9917802.998639995,
        10173029.9814499,
        10878930.163447443,
        11787779.916375225,
        12238764.97628576,
        12892605.962432317,
        13343574.95140177,
        13997378.19526809,
        14448315.154553348,
        15102110.9722405,
        15357465.473404229,
        15808378.472340409,
        16462074.34302837,
        16913108.404895246,
        17566955.317153987,
        18017983.11784965,
        18671922.41872329,
        19122952.578174282,
        19776795.39230615,
        20227741.65125293,
        20881458.33292252,
        21332409.344406422,
        21986265.453506045,
        22437496.375057057,
        22836234.450548474,
        23686276.57283216,
        23882012.19449395,
        24536272.15025823,
        24731988.174807474,
        25386160.04333335,
        25581842.0084315,
        26235914.408868723,
        26687021.4502918,
        27085551.135817476,
        27340971.240151107,
        27536588.095035005,
        28190414.242302492,
        28445798.139324717,
        28641516.80744522,
        29295693.269014306,
        29491380.88473124,
        30145435.16113822,
        30596510.997192074,
        31250393.358340338
    ],
    "(38, -121)": [
        82.56900018453693,
        315813.7898207307,
        594987.2679916024,
        910677.3414582608,
        1505453.3041073675,
        2040198.8195534358,
        2950228.467964114,
        4055482.470497904,
        4589710.509501757,
        4904991.12270397,
        5694710.199306786,
        6010028.758614841,
        6799606.094199595,
        7114885.948003707,
        7904355.795841756,
        8219594.9314567465,
        9008978.465462856,
        9264270.076817453,
        9579380.81169504,
        9834621.839810673,
        10878881.38082093,
        11194054.31498987,
        11449340.931237277,
        12238716.207134312,
        12553992.548638161,
        13343526.207326245,
        13658774.36489898,
        14448266.449525535,
        15018889.608294904,
        15808329.78338354,
        16123535.256947812,
        16913059.667556353,
        17228339.059954703,
        18017934.36880964,
        18333258.853008322,
        19122903.84893544,
        19438185.979534097,
        20227692.938013375,
        20542916.02938921,
        21332360.62977057,
        21647626.8865593,
        21903032.142948452,
        22437447.56318063,
        22752946.329002928,
        23287481.03250783,
        23881963.39073772,
        24197444.156051815,
        24731939.411529716,
        25047382.823343106,
        25581793.29296988,
        25897185.513507072,
        26686972.767576165,
        27002307.931703266,
        27536539.42348547,
        27791934.30248637,
        28107191.805027086,
        28641468.054292254,
        28956911.66865498,
        29491332.09050949,
        29806720.50376755,
        30596462.179125957,
        30911761.279157344
    ],
    "(39.5, -122)": [
        44.568799078465474,
        571597.9181600213,
        594949.246786535,
        1166424.9954645035,
        1189773.2120510929,
        1761161.3771426086,
        2611394.8331245775,
        2634729.353514253,
        3461291.157527387,
        3484619.197958055,
        4310945.556715427,
        4334266.083786191,
        5415893.650896727,
        5439229.340968786,
        6520862.075564687,
        6544177.948235449,
        7625660.673305925,
        7648975.208124696,
        8730313.278270546,
        8985628.567214552,
        9008940.516406596,
        10345110.001084859,
        10368413.403341467,
        10600315.814991415,
        10623618.157087144,
        11959957.476484243,
        11983278.13660055,
        13064796.501476105,
        13088113.83351583,
        14169559.710331619,
        14192875.012357054,
        14448228.505267438,
        15529635.51884097,
        15552949.645965878,
        16634293.785611697,
        16657615.092195801,
        17739152.742863107,
        17762471.573780227,
        18844137.65365428,
        18867458.214623522,
        19948978.74559815,
        19972294.623707354,
        21053634.844973132,
        21076952.057289783,
        21332322.675732777,
        22158491.10145575,
        22181828.246365253,
        23008548.900268856,
        23031884.040881805,
        23858590.98166698,
        23881925.369336314,
        24708570.347498845,
        24731901.422537513,
        25558428.732265633,
        25581755.340915736,
        26408159.72779577,
        26431483.176200323,
        27513182.31819409,
        27536501.503355205,
        28641430.06739598,
        29467964.47314482,
        29491294.072348427,
        30317669.06335719,
        30340993.6639802,
        31422592.37102799,
        31445911.485626873
    ]
}